1,1,1,cpu,2.4.2016,75222422,607546209
2,2,2,prints,2.6.2016,6383422,655306939
3,3,3,looking,3.10.2003,237057502,886502312
4,4,4,deals,6.3.2010,124739585,30183292
5,5,5,these,16.1.2002,153148120,799999733
6,6,6,therapy,10.8.2014,174513295,364396522
7,7,7,personnel,19.4.1994,237427253,705740212
8,8,8,organizations,18.10.1994,101372888,612367892
9,9,9,initiatives,25.9.2008,202417179,276627177
10,10,10,situation,15.7.2009,144213894,101970047
11,11,11,for,2.10.2014,128509722,680827169
12,12,12,answered,14.2.2009,2315481,799116044
13,13,13,shipping,19.8.2016,156608475,594094796
14,14,14,fi,22.8.2007,20191600,430614443
15,15,15,revised,13.1.2020,138645882,845260761
16,16,16,winning,28.9.2007,51550105,559668641
17,17,17,optimization,22.9.1999,170265063,674950971
18,18,18,valley,3.4.2020,28343354,358235623
19,19,19,giant,14.7.2017,82236461,326827786
20,20,20,gender,11.8.1995,189834422,341908584
21,21,21,carriers,19.8.2005,157546413,638518924
22,22,22,teens,27.4.2008,22217155,644040089
23,23,23,public,17.12.1992,43599229,248056120
24,24,24,start,15.11.2020,241786881,195746163
25,25,25,fundamental,2.10.1996,178294380,314888500
26,26,26,hunting,16.1.2005,223321241,808298386
27,27,27,miller,13.11.1996,90953217,616579285
28,28,28,hidden,27.10.2012,202210384,684534415
29,29,29,activity,7.5.2010,130621305,728757915
30,30,30,lord,4.12.2017,57993431,308913457
31,31,31,copper,20.9.1999,5040316,930421119
32,32,32,stands,16.8.1997,203900386,837893815
33,33,33,portfolio,5.7.2015,158077097,652828676
34,34,34,facing,2.8.1999,177349002,525824115
35,35,35,baby,10.2.2006,61568482,982084840
36,36,36,pursuant,2.11.1991,156169676,436377984
37,37,37,literature,21.7.2007,18923728,2085001
38,38,38,cst,18.12.2009,174090547,650376962
39,39,39,wallpapers,24.3.2020,245743880,371827440
40,40,40,variable,24.4.2004,224550870,616830628
41,41,41,shots,15.10.2002,176963966,871561000
42,42,42,brain,23.7.2011,72270927,795616525
43,43,43,baby,21.4.2013,743118,716937701
44,44,44,protocols,6.10.1991,163448513,942938952
45,45,45,pierre,1.11.1992,218269331,860977637
46,46,46,nurse,2.1.2014,228691245,618320095
47,47,47,middle,13.2.2016,132451191,482731792
48,48,48,sports,11.11.2008,45091599,608961602
49,49,49,mm,1.7.2002,230861063,282682296
50,50,50,halloween,3.8.2001,21322315,720349695
51,51,51,platinum,20.8.2015,221924319,81284304
52,52,52,yards,13.10.2019,203498006,960371798
53,53,53,pro,18.7.1991,36049745,561067805
54,54,54,domestic,24.10.2000,161335464,869059120
55,55,55,removed,6.5.1998,25380864,676436286
56,56,56,mounted,3.11.1999,192227808,104814856
57,57,57,occurred,16.5.1992,82065726,553593253
58,58,58,chile,17.2.2020,79237751,501904953
59,59,59,customize,9.12.2013,134140564,747532001
60,60,60,successful,9.4.1999,174652911,973000644
61,61,61,heights,19.10.1992,157488501,750673106
62,62,62,gene,15.6.2007,98779730,76933889
63,63,63,album,2.3.1996,44604966,488455458
64,64,64,avenue,27.2.2020,130776626,528570074
65,65,65,lists,5.7.1992,23409547,551071362
66,66,66,cache,10.4.1998,9771614,140867275
67,67,67,indicated,1.7.2016,216263786,520581361
68,68,68,article,17.2.1995,139740422,270640352
69,69,69,transition,19.2.2007,44615919,32176980
70,70,70,method,2.10.2017,95344578,942437799
71,71,71,authorized,5.7.2012,182475945,500934528
72,72,72,mining,19.1.1992,218099615,257996600
73,73,73,restrictions,10.2.2014,154491120,916696102
74,74,74,genetics,13.6.2013,182578534,870886914
75,75,75,alberta,5.10.2016,38315615,202413050
76,76,76,nutten,14.5.2016,155426445,405900440
77,77,77,webcam,26.11.2011,140607010,383440696
78,78,78,white,2.10.2008,46109114,430384848
79,79,79,iso,13.3.2001,131375870,880114524
80,80,80,dealers,27.6.1990,162084476,89995029
81,81,81,palace,13.9.2013,180390007,649157428
82,82,82,listed,8.5.2000,20238375,997072595
83,83,83,collective,26.11.2004,104787653,469381926
84,84,84,arkansas,12.10.2010,184758416,602827651
85,85,85,fonts,8.1.2000,234011329,151654406
86,86,86,abuse,11.10.1991,151148681,954762493
87,87,87,following,10.11.1992,160004576,124291766
88,88,88,disaster,12.10.2006,147690157,386331105
89,89,89,wyoming,22.5.2019,54751210,389584964
90,90,90,explorer,16.1.1997,91789200,691324833
91,91,91,purposes,25.8.2009,184554894,189265145
92,92,92,boost,5.4.2001,239758950,354137255
93,93,93,seed,13.8.2003,163528859,273864258
94,94,94,steve,2.2.2011,164075825,574665508
95,95,95,crossing,24.9.2003,95611462,499250733
96,96,96,understanding,11.7.2013,86163140,828155107
97,97,97,issued,1.1.2000,167261143,324074971
98,98,98,completion,15.1.2017,219047408,709424687
99,99,99,five,3.3.2017,73441984,439100931
100,100,100,that,19.4.2012,11081158,204533418
101,101,101,earned,20.11.2002,205921350,541570312
102,102,102,duties,14.5.2000,108852121,165978668
103,103,103,killer,4.2.1991,35603728,537201947
104,104,104,might,1.4.2012,88775018,357213137
105,105,105,accounting,11.12.2016,17728058,736363221
106,106,106,european,21.4.2016,247002372,944674017
107,107,107,continued,26.3.1995,191460718,382624525
108,108,108,view,19.5.2008,182537353,713236951
109,109,109,talk,16.8.2018,18340637,375908957
110,110,110,definitions,22.9.2020,7467066,950979752
111,111,111,merchants,5.7.2015,61049925,763483165
112,112,112,thanks,28.11.2016,132233441,745260533
113,113,113,breaks,28.12.2009,238241098,712848000
114,114,114,thai,11.4.2008,25653764,716375987
115,115,115,talent,10.7.2006,164767772,16346737
116,116,116,which,22.2.2005,49711941,406936267
117,117,117,fax,18.6.1990,50307458,704216911
118,118,118,festival,21.11.2013,139076117,705327632
119,119,119,mm,16.6.1996,212363083,813931474
120,120,120,congress,4.2.2012,147526312,129274250
121,121,121,schools,7.3.1996,143923095,206493945
122,122,122,biological,20.6.2002,115242168,637296585
123,123,123,trademarks,20.1.2020,40320456,372742305
124,124,124,working,5.1.2017,115964681,175239984
125,125,125,circuit,13.3.2007,79774079,369650901
126,126,126,effectively,15.11.2011,28484781,189463613
127,127,127,fy,21.10.2011,167299787,13521963
128,128,128,follows,22.5.2001,164875349,842437345
129,129,129,boy,27.6.2019,99354439,940033646
130,130,130,chart,16.5.2006,54914906,875463373
131,131,131,desktop,16.12.2003,101283260,584898177
132,132,132,warehouse,11.12.2007,96052256,130310762
133,133,133,archives,20.7.2009,132168901,253932424
134,134,134,brief,8.9.1991,163471072,909035201
135,135,135,writing,6.3.2020,175456989,913409661
136,136,136,beauty,20.7.1993,126707176,525192719
137,137,137,protect,3.5.2017,10352329,923938550
138,138,138,intellectual,3.12.1999,200957267,602055648
139,139,139,coins,26.11.1992,205810081,18027638
140,140,140,until,13.7.1995,102585415,794933911
141,141,141,guaranteed,6.9.2009,243175322,902547560
142,142,142,double,23.9.2020,136221824,532965909
143,143,143,tone,26.9.2018,80140553,390778717
144,144,144,nl,22.2.2001,201099281,890023146
145,145,145,advertise,19.5.2011,12336084,140863208
146,146,146,although,2.2.2011,42115160,843359558
147,147,147,disorders,23.6.1993,172002473,696860847
148,148,148,powerful,21.11.2010,98032450,841145256
149,149,149,precision,19.2.2000,114165,902956637
150,150,150,fisher,22.6.2015,36059227,216949209
151,151,151,internal,13.8.2020,222029159,199453223
152,152,152,biggest,14.6.1990,186375151,171577057
153,153,153,expand,3.8.1995,178940471,104589865
154,154,154,rm,19.12.2014,211827126,585383287
155,155,155,wales,21.11.2006,103699243,174511127
156,156,156,fiber,2.3.1995,63062449,41982055
157,157,157,seem,13.3.2011,18286669,73392828
158,158,158,column,8.11.1990,228308975,566824718
159,159,159,valve,5.4.2000,9651192,749486426
160,160,160,meters,17.11.2013,93891848,124832761
161,161,161,ensure,6.4.1991,248238952,176995088
162,162,162,against,2.3.1999,24922327,997152590
163,163,163,games,1.11.1991,80744582,180973694
164,164,164,pipe,22.1.1994,41716853,631267539
165,165,165,register,15.3.2020,159969280,510462982
166,166,166,supports,1.10.2004,238245491,626455439
167,167,167,report,15.5.2015,48296058,471356848
168,168,168,opening,17.8.2009,146324651,932165210
169,169,169,engaged,23.8.2008,77662265,455876493
170,170,170,locate,21.1.2005,235998433,240300609
171,171,171,outcome,26.8.1998,128575083,213834962
172,172,172,sessions,27.9.2000,39394814,686568946
173,173,173,flowers,27.6.2009,235787390,601974031
174,174,174,date,16.8.1995,126443758,859172968
175,175,175,directories,8.7.2010,51131944,675130609
176,176,176,tokyo,11.5.1997,63283337,123957226
177,177,177,efficient,19.1.2009,228996468,799809016
178,178,178,highly,13.7.2003,111285616,794829202
179,179,179,convention,9.6.2017,131349950,596634476
180,180,180,translate,5.11.2005,145427467,9880136
181,181,181,semester,14.3.2001,215524065,290419881
182,182,182,powder,5.10.2012,160690601,471283860
183,183,183,israeli,11.1.1992,247836860,19288376
184,184,184,considered,10.2.2000,3637432,510866648
185,185,185,box,17.4.2002,162464355,986224199
186,186,186,hotels,2.8.2010,191624427,74014261
187,187,187,fetish,10.1.2012,211981634,724695192
188,188,188,stamps,5.8.2014,27192000,410357236
189,189,189,destinations,4.10.1992,49157806,11645403
190,190,190,local,13.8.1999,76294243,938040416
191,191,191,associated,17.1.1990,76503161,390461380
192,192,192,fail,2.4.1996,193067905,246964323
193,193,193,moon,1.3.2008,73538352,978943437
194,194,194,strap,2.6.2007,56011393,60455942
195,195,195,habitat,22.8.1994,147319991,237653705
196,196,196,friday,18.3.2003,154919823,494392691
197,197,197,draw,24.7.2019,6530577,667633170
198,198,198,increased,1.6.2001,201662404,621386244
199,199,199,martin,1.10.2002,236505255,322674722
200,200,200,san,28.11.2002,182537380,600961450
201,201,201,gave,28.11.2005,97906168,849283632
202,202,202,rep,3.8.2000,128463221,814216374
203,203,203,cultures,28.6.1990,242219925,707346165
204,204,204,gourmet,16.12.2004,181486684,148877813
205,205,205,glass,24.12.1996,179659897,857805418
206,206,206,agree,13.6.2020,171041301,3138103
207,207,207,keywords,18.4.2000,151989263,406013983
208,208,208,oracle,27.1.2019,158384777,434108304
209,209,209,ottawa,21.2.2009,87598738,185213226
210,210,210,privacy,6.8.2018,122623878,301064861
211,211,211,by,5.11.2010,120401567,694931765
212,212,212,gps,17.7.1997,85933955,814294245
213,213,213,styles,17.3.2013,114271591,642175135
214,214,214,viewing,11.11.1999,179563361,182484439
215,215,215,teaching,26.5.1991,200922324,9816633
216,216,216,via,21.10.2016,27682634,948600040
217,217,217,interview,3.9.2010,96804393,150335213
218,218,218,harvard,19.9.1998,101271408,784655147
219,219,219,dir,17.3.2000,152309847,845266726
220,220,220,two,8.6.2001,67589336,204910019
221,221,221,uniform,24.7.2016,18527648,946809865
222,222,222,fully,28.11.2009,222204622,103660699
223,223,223,demands,6.7.1991,171288056,330551977
224,224,224,relative,1.7.2016,80935052,209813176
225,225,225,hats,24.5.2003,204769867,199755764
226,226,226,diff,10.9.2019,20145595,582788748
227,227,227,responsible,10.8.1994,18358193,509914697
228,228,228,rain,27.5.2000,161265294,142620214
229,229,229,global,25.10.1998,168215891,681532752
230,230,230,frequently,19.7.1995,197930139,181761174
231,231,231,verzeichnis,5.11.2011,158533340,732658176
232,232,232,se,23.11.1995,44241746,289816436
233,233,233,chris,13.7.1998,53536669,24948498
234,234,234,fight,1.9.2017,59031141,815270367
235,235,235,elected,2.11.1997,167438606,804569282
236,236,236,religious,26.1.2007,223120757,411235638
237,237,237,wise,26.6.1993,179556844,793908185
238,238,238,sun,14.6.2020,66569754,209888405
239,239,239,offer,11.3.2015,78446829,116219967
240,240,240,bearing,11.5.1997,61306060,534160942
241,241,241,sauce,13.1.1996,144181296,556340943
242,242,242,muscle,10.8.1991,182008745,927793747
243,243,243,image,24.2.1995,25669526,38597930
244,244,244,thermal,4.5.2020,151187486,666486188
245,245,245,roulette,12.1.2019,74654454,313898253
246,246,246,netherlands,18.4.2013,145397612,15686481
247,247,247,sign,13.3.2011,246572347,248234433
248,248,248,su,11.9.2018,48368088,482224905
249,249,249,concern,3.2.1996,94737854,388331462
250,250,250,cock,22.4.2009,136832087,613314675
251,251,251,oregon,1.2.2011,56543152,937623489
252,252,252,eligible,25.6.1997,109861567,765534609
253,253,253,substance,21.6.2018,218352679,428247712
254,254,254,independent,16.1.2011,187772636,738968471
255,255,255,preview,20.6.1999,74383681,697128692
256,256,256,oklahoma,18.2.2013,106759075,996855747
257,257,257,status,3.4.2002,131238903,459976448
258,258,258,going,13.5.1998,66884075,155759767
259,259,259,explore,13.2.1990,192915006,410482547
260,260,260,percent,10.6.2003,31933226,37281718
261,261,261,netscape,12.8.2000,222534948,93809547
262,262,262,date,3.1.1991,34661543,581319830
263,263,263,top,16.4.2009,11767192,762154033
264,264,264,finger,11.4.2002,239377584,984823727
265,265,265,season,14.1.2013,64289716,5579190
266,266,266,llc,5.4.2009,158595342,27978865
267,267,267,venture,4.12.2017,135161659,781310377
268,268,268,unsubscribe,22.3.2005,104285114,538114062
269,269,269,cross,26.8.2010,202671783,592789126
270,270,270,avatar,16.7.2011,129733129,874509149
271,271,271,insurance,4.12.1999,148632342,449342587
272,272,272,scope,24.10.2005,41921845,202050923
273,273,273,mitsubishi,17.6.2012,238907449,670845498
274,274,274,forgotten,24.4.1994,133407723,975503953
275,275,275,properly,4.11.2016,78068605,48117894
276,276,276,hall,10.4.2009,25115092,397457276
277,277,277,performing,26.6.2009,225522774,377559295
278,278,278,our,24.7.2019,214321927,110573327
279,279,279,down,16.5.2009,81845296,55364384
280,280,280,serial,22.10.1991,229594736,645080087
281,281,281,faster,21.1.1998,158455074,414636069
282,282,282,items,16.3.1998,203349056,821893339
283,283,283,facing,20.11.2015,138181320,59290079
284,284,284,pending,26.10.2017,226167174,83811164
285,285,285,gives,4.7.1998,7051473,794153967
286,286,286,im,17.1.2018,62563337,973802404
287,287,287,open,3.11.2014,14045621,981531047
288,288,288,diagnosis,10.6.2008,205349380,755688455
289,289,289,optical,26.2.1995,24885792,543069339
290,290,290,betting,22.4.1993,20900896,203430808
291,291,291,mph,19.1.2019,134034277,74792467
292,292,292,minimum,5.3.2017,40476349,63591578
293,293,293,norway,15.1.1992,70348153,267017980
294,294,294,removal,24.1.2017,238688407,877409870
295,295,295,repeat,20.5.2003,36999973,549275393
296,296,296,iraqi,17.2.2014,8885638,978581262
297,297,297,cottage,13.10.1999,26135775,653557837
298,298,298,flashing,15.3.2005,115937297,371986782
299,299,299,increases,9.11.2001,79391020,260585531
300,300,300,finds,26.6.2003,139913216,523233831
301,301,301,blocks,1.9.2003,159647716,430252351
302,302,302,es,21.2.2019,53362769,466587850
303,303,303,machines,10.12.1995,8360034,354440360
304,304,304,subsequent,14.11.1997,175139230,262821913
305,305,305,establishing,6.11.2006,93424053,48575082
306,306,306,weekend,7.3.2007,47179374,303101531
307,307,307,stephen,18.8.2006,78155517,188150713
308,308,308,registered,17.6.1998,236647831,607671975
309,309,309,communicate,23.4.2001,48099338,193498479
310,310,310,theater,17.1.2000,113764439,455766807
311,311,311,instrument,23.9.2019,69057262,47237730
312,312,312,phase,9.7.2016,70185465,939476046
313,313,313,mint,17.1.1996,130114966,997900762
314,314,314,tight,11.2.2014,141199054,831389239
315,315,315,nsw,21.12.2017,100424169,667100977
316,316,316,japan,16.5.2017,15374954,250292334
317,317,317,seed,1.2.1992,241072328,172071497
318,318,318,eliminate,9.12.2019,186455961,823882261
319,319,319,hang,18.1.1990,181035395,180240501
320,320,320,penalty,4.5.1994,64415697,406510775
321,321,321,register,11.4.2004,60580249,7480914
322,322,322,install,2.1.1995,136816660,147784251
323,323,323,brad,8.4.1998,231118823,855891307
324,324,324,multi,11.10.2015,182894052,701787593
325,325,325,baseball,21.7.2014,162576297,7325702
326,326,326,dictionary,4.4.1997,32824825,341437281
327,327,327,slideshow,5.12.2010,156410003,374776265
328,328,328,determining,7.12.1998,184828458,1623533
329,329,329,antenna,14.6.2016,235989112,986807655
330,330,330,rf,7.9.2014,32999619,865830753
331,331,331,idaho,21.5.1999,194340682,716691431
332,332,332,javascript,21.5.2001,47669970,606526633
333,333,333,trace,15.8.1996,143427591,914080656
334,334,334,greece,26.2.2020,4537350,972672407
335,335,335,mixed,19.12.1997,135042527,388993529
336,336,336,lanka,5.7.1999,120211544,827305457
337,337,337,sci,16.10.2008,171955954,79634319
338,338,338,most,2.9.2017,187178587,926943586
339,339,339,mysql,2.1.1996,77226461,234131177
340,340,340,configure,15.9.2012,87165564,697832764
341,341,341,ensure,27.3.2017,96790965,261481160
342,342,342,winds,3.3.2003,96735766,34648621
343,343,343,photo,13.10.1994,103753571,802657828
344,344,344,christopher,10.1.1992,209474160,733122120
345,345,345,dollars,24.10.1992,45178770,668102413
346,346,346,pharmaceutical,16.5.2009,152050904,967560990
347,347,347,private,28.5.2000,152833314,98251080
348,348,348,batteries,10.4.2019,234595705,997941036
349,349,349,equally,13.10.2009,212373755,655560904
350,350,350,cheese,9.6.2005,94673835,699333969
351,351,351,linked,27.3.2015,247853528,699961053
352,352,352,weddings,2.3.2015,139764324,939310057
353,353,353,communications,8.1.2004,192039777,692685601
354,354,354,commonly,22.8.1999,61474753,764269071
355,355,355,ross,11.2.1993,11761462,282681161
356,356,356,paul,3.7.2013,155571480,486060123
357,357,357,opportunities,6.12.1993,153792094,954376466
358,358,358,green,26.2.2018,40205077,376545665
359,359,359,subscribe,22.7.1993,172559967,765143031
360,360,360,strap,18.8.2009,175593245,309532379
361,361,361,potter,1.5.2002,196311297,827906289
362,362,362,realize,14.9.1998,198767149,947688885
363,363,363,picked,9.2.2020,184541996,196809078
364,364,364,now,8.9.1994,41738628,288083015
365,365,365,ceo,25.5.1997,56781105,90352788
366,366,366,collins,28.10.2018,151517800,232936172
367,367,367,pin,14.6.2014,169593410,72837603
368,368,368,firewall,22.5.2007,140803920,338232899
369,369,369,industry,22.9.2007,229992738,453194461
370,370,370,support,22.6.2006,64180086,754449728
371,371,371,plays,21.4.2004,217043354,863001303
372,372,372,messenger,1.9.1994,221938436,380144446
373,373,373,marc,10.9.2019,25153298,273142849
374,374,374,test,13.12.1995,230813625,636994845
375,375,375,avatar,11.5.2005,17285856,77140787
376,376,376,mine,4.11.1992,194215826,219756601
377,377,377,ports,9.11.2011,107875985,209732655
378,378,378,degrees,27.6.1999,147186849,56182004
379,379,379,massage,9.4.2004,52091355,861304683
380,380,380,machines,28.3.2020,102950367,275047401
381,381,381,run,3.11.2002,126010218,705874834
382,382,382,suck,10.9.2003,136594959,954528166
383,383,383,bookstore,10.8.2001,238855124,730066132
384,384,384,watch,24.8.2009,88994386,195525788
385,385,385,clip,17.8.2009,69966792,151750374
386,386,386,navigate,15.7.2013,97293782,66931139
387,387,387,project,20.7.1992,28550139,883112637
388,388,388,binary,1.4.2020,71910938,125126097
389,389,389,literary,1.4.2003,118489561,456302391
390,390,390,approaches,23.10.1998,22031356,346361394
391,391,391,reporter,19.2.2011,156970015,899840622
392,392,392,submitted,7.2.2018,28119135,772655246
393,393,393,madison,3.7.2018,162517744,137712056
394,394,394,hang,28.1.2015,174067642,78102069
395,395,395,examination,16.9.2002,41366976,463653925
396,396,396,agreement,20.9.1991,39255609,384129364
397,397,397,gay,25.4.2016,48006505,577945434
398,398,398,illustrated,4.2.1994,171941508,110440091
399,399,399,safety,16.6.2007,156426487,263022115
400,400,400,automated,8.3.2015,191690591,751307771
401,401,401,pride,3.2.2007,240275374,799088379
402,402,402,universe,23.1.1995,54254374,259011261
403,403,403,collectibles,16.4.1994,61699551,503117210
404,404,404,carriers,16.8.1991,131329331,432550378
405,405,405,guard,25.4.1990,185501731,16196655
406,406,406,illinois,9.12.2000,80298459,519512158
407,407,407,careful,23.12.2006,191491455,639978068
408,408,408,myself,24.8.2005,63258805,13808097
409,409,409,funeral,17.8.2006,111402994,927860452
410,410,410,baby,5.3.2017,148778875,231953022
411,411,411,sue,4.4.2002,3454088,826707413
412,412,412,vice,21.2.1994,197493473,444473397
413,413,413,dealtime,2.6.2016,213585614,72122017
414,414,414,expected,20.10.2018,239299199,268859434
415,415,415,gene,3.5.1993,35770545,330629685
416,416,416,tourist,13.3.2013,212352190,167637240
417,417,417,tax,24.6.1995,2150152,255696643
418,418,418,than,12.9.2016,113809781,323767889
419,419,419,effect,6.4.2017,33517999,300003743
420,420,420,tutorial,16.5.2018,70710299,8374109
421,421,421,prove,13.7.2010,9370169,887649427
422,422,422,unit,12.2.2019,151538289,578490451
423,423,423,remote,6.12.2014,97465775,956943807
424,424,424,tel,20.6.1996,23618000,366660864
425,425,425,variety,5.4.2020,200122364,388335622
426,426,426,events,10.11.2020,211338253,936658479
427,427,427,behavior,28.5.2006,50834646,498664770
428,428,428,cluster,7.3.2000,72927432,956862181
429,429,429,coding,15.10.2010,181432752,83775031
430,430,430,ice,8.11.1997,176212085,81914264
431,431,431,buying,20.11.1996,203187823,704684854
432,432,432,string,1.4.2005,216729022,341948048
433,433,433,dirty,25.12.1996,190434284,731576415
434,434,434,capacity,19.3.2002,78107260,567640194
435,435,435,firewall,1.6.2012,248144757,289339357
436,436,436,means,12.2.1991,110054736,521206946
437,437,437,bath,5.8.2002,126065803,393557193
438,438,438,whom,22.11.1992,171607830,932730954
439,439,439,pressure,2.4.2011,76628836,358573323
440,440,440,context,23.4.2001,74224529,101572594
441,441,441,gas,19.5.1995,59640642,170844226
442,442,442,hospital,28.2.2008,48898469,279192007
443,443,443,artificial,3.3.2004,11122238,453664239
444,444,444,edited,18.11.2011,109106648,651656397
445,445,445,listening,2.6.1993,39849412,104811824
446,446,446,zoo,14.5.2017,165959320,578410231
447,447,447,geography,9.6.2020,75122800,958899078
448,448,448,booking,15.1.2014,57663055,472511283
449,449,449,contractor,14.11.1991,138344633,324326226
450,450,450,percent,4.2.2016,54383862,755395742
451,451,451,activities,23.10.1999,115815748,117041515
452,452,452,scale,11.2.1991,52637501,335381289
453,453,453,tn,26.1.1993,73578940,28076845
454,454,454,least,15.11.2008,17846572,73288309
455,455,455,brothers,27.12.1990,58558672,599074558
456,456,456,kill,16.6.1992,226461508,312045819
457,457,457,crm,23.12.1990,89228117,54727534
458,458,458,reports,6.11.2004,198799716,852222837
459,459,459,optimization,6.2.2013,129075719,634281956
460,460,460,edge,14.4.1992,134039056,253125732
461,461,461,cup,27.3.2018,81326845,477781268
462,462,462,remaining,21.7.2019,164301887,584272103
463,463,463,feb,10.4.2012,10446141,334340692
464,464,464,yield,25.3.2007,32339514,970454
465,465,465,encouraged,18.7.2000,53417594,744944179
466,466,466,coding,27.4.1991,100460302,696745612
467,467,467,clark,13.8.2002,216984813,794872517
468,468,468,contribution,13.2.1999,175338146,675009071
469,469,469,cm,19.7.2018,85609138,460705720
470,470,470,ah,21.10.2014,13476906,486238424
471,471,471,packaging,7.6.2018,203260582,626128142
472,472,472,kind,26.9.2002,16244616,560948760
473,473,473,version,6.11.2007,190642359,62137151
474,474,474,promote,6.12.1999,152604924,965625006
475,475,475,raising,14.1.1995,30094334,135570663
476,476,476,orange,28.12.1990,122597753,267739625
477,477,477,warranty,5.12.2020,214910015,162582322
478,478,478,scale,11.2.2014,80274999,718165135
479,479,479,chosen,9.1.2015,50794133,592672782
480,480,480,origin,27.8.2008,141664011,244023503
481,481,481,ford,12.6.1999,239650190,842316067
482,482,482,published,1.1.2004,174182921,905518739
483,483,483,meta,27.11.2006,98833411,507187563
484,484,484,rob,22.6.2004,238491147,533664351
485,485,485,generation,1.6.1995,97118163,391579972
486,486,486,mini,14.9.2008,15905934,368315683
487,487,487,requires,5.10.2019,66075350,831323472
488,488,488,foot,14.8.2014,28668004,352881599
489,489,489,survey,22.12.1994,178817872,473190497
490,490,490,mon,12.12.2006,55865476,51818232
491,491,491,crazy,14.3.1996,137801131,287082450
492,492,492,msg,23.9.2009,79095576,953909161
493,493,493,georgia,1.5.1992,118642722,318030746
494,494,494,formula,25.6.2004,153684655,160692786
495,495,495,celebrity,24.12.2013,19015886,827115058
496,496,496,management,26.7.1991,31411162,824811814
497,497,497,musical,8.5.1997,15918101,590611726
498,498,498,requiring,19.5.2007,168096721,864768501
499,499,499,water,8.6.2007,170345293,689017995
500,500,500,today,17.11.1991,44455457,725323246
501,501,501,reception,19.4.2009,229400055,128470887
502,502,502,privacy,7.3.2013,151324664,567886235
503,503,503,payments,20.11.1990,204452340,400436291
504,504,504,budget,16.7.2000,144758445,460410778
505,505,505,hunter,11.1.2011,110122815,890452117
506,506,506,showing,16.5.1993,107663285,469090358
507,507,507,may,20.2.2008,156873291,637168766
508,508,508,competitive,23.1.2011,106321313,926298755
509,509,509,downloaded,13.2.2020,237431225,974913971
510,510,510,depends,25.10.2005,196743204,649725846
511,511,511,project,13.12.2003,150664375,433201234
512,512,512,everybody,18.11.1991,71669295,955264677
513,513,513,allocation,5.8.2010,117971961,430200579
514,514,514,schemes,1.5.2019,59950652,968247867
515,515,515,tom,10.8.1998,180930067,421327647
516,516,516,making,12.8.2014,58960972,175921507
517,517,517,builder,16.10.2003,151723402,146670036
518,518,518,comparison,4.6.1997,65157245,459001523
519,519,519,horror,4.11.2005,55518667,728765318
520,520,520,payments,21.4.1997,123764215,709638837
521,521,521,laid,4.10.2018,224452605,907304067
522,522,522,roy,10.12.1994,150551648,872843286
523,523,523,fact,28.3.2019,102002499,283913267
524,524,524,amazon,17.3.2019,75563089,389706507
525,525,525,brass,20.5.1998,30933584,298900408
526,526,526,pump,10.3.1996,208597620,910804149
527,527,527,fine,21.4.2017,226858620,493115987
528,528,528,structures,20.10.2008,121582651,606155802
529,529,529,position,10.7.2016,158434401,357953862
530,530,530,housing,15.7.1991,188440316,824525550
531,531,531,hundred,4.1.2014,222764968,250565745
532,532,532,guitar,5.9.2000,121157085,900173434
533,533,533,those,7.6.2015,145607781,10050446
534,534,534,turns,10.9.1995,86255116,73235596
535,535,535,looked,1.7.2017,155997313,824679580
536,536,536,rapid,8.1.2006,131263377,119345450
537,537,537,strategies,12.11.1992,119265946,267913390
538,538,538,call,6.7.2015,178533900,561717059
539,539,539,hewlett,18.6.2009,15104138,584618362
540,540,540,catalogue,15.9.2011,214859225,64152738
541,541,541,items,18.2.1998,20567434,821748161
542,542,542,valley,10.5.2019,210110012,160477138
543,543,543,shares,1.3.2005,174423057,346886690
544,544,544,nfl,16.6.1996,10136372,44367611
545,545,545,banking,6.8.2008,87641288,744914039
546,546,546,lesbian,1.2.1997,80792721,234322064
547,547,547,provider,1.4.2018,205464186,809549488
548,548,548,confirmed,10.11.2020,231585457,612302522
549,549,549,hide,19.7.2009,116922431,456717052
550,550,550,kings,8.8.2004,237570584,617644590
551,551,551,located,12.1.2008,142197813,116195629
552,552,552,qty,19.5.2013,214419548,101653629
553,553,553,excess,12.4.2011,45026136,641149693
554,554,554,safety,2.12.1993,11518469,215373399
555,555,555,melbourne,11.7.2019,123739870,743889474
556,556,556,gadgets,27.12.2002,182002755,92251266
557,557,557,dec,10.4.1993,71790889,296204446
558,558,558,personal,22.9.1992,17267637,892191016
559,559,559,where,13.2.2014,37706282,756604869
560,560,560,angel,9.2.1990,64570497,698821883
561,561,561,months,25.8.1990,191165013,57801006
562,562,562,maria,2.10.2012,179822390,285477501
563,563,563,reviewer,3.8.2002,10834763,234915816
564,564,564,delivered,24.4.1994,132437559,421244872
565,565,565,analog,20.9.2005,233910408,991554010
566,566,566,cricket,12.7.2008,70719983,543964930
567,567,567,situation,1.7.2017,108974296,540324625
568,568,568,conflict,20.2.2014,169009355,576925878
569,569,569,papers,22.2.2012,106253310,275292073
570,570,570,significantly,11.8.2019,128833149,45131722
571,571,571,gathering,19.9.1999,162901160,137337689
572,572,572,aircraft,24.6.2015,247799814,396120509
573,573,573,organized,26.6.2011,47918678,298556469
574,574,574,awards,18.11.1996,49209742,170709475
575,575,575,visa,15.12.1996,47752206,156265728
576,576,576,climbing,12.2.2013,84710041,474645696
577,577,577,initiatives,16.12.1996,71090688,121498602
578,578,578,outcomes,22.4.2012,139632617,47281494
579,579,579,perspective,23.3.1990,193039606,639734088
580,580,580,grove,3.3.1994,79779784,14470896
581,581,581,trailers,17.12.2007,183872148,493731663
582,582,582,cialis,27.2.2010,212219880,352557006
583,583,583,tests,3.7.2017,158561659,248214979
584,584,584,prevent,26.9.2001,95695793,982820720
585,585,585,ken,14.5.2017,29489137,763548824
586,586,586,five,17.1.2012,107791935,669377641
587,587,587,rc,22.5.1996,15107699,729225683
588,588,588,chase,8.3.2017,52354391,804304469
589,589,589,flow,16.9.2011,216370473,381228514
590,590,590,tabs,23.10.2004,134341814,271919731
591,591,591,personally,22.4.2018,125559761,677549892
592,592,592,observed,17.3.2003,66011315,753768954
593,593,593,blogs,23.10.1997,234409160,88534327
594,594,594,local,8.2.2015,107267900,966401970
595,595,595,asia,26.4.1992,150751369,140702361
596,596,596,fabric,7.7.1992,40558725,337613007
597,597,597,sea,11.7.1993,186997891,247694411
598,598,598,university,20.7.1993,41440877,233045204
599,599,599,exclusive,1.5.2005,120477021,740634505
600,600,600,venture,24.6.2005,217954334,88097077
601,601,601,happy,21.9.1990,179641980,695613184
602,602,602,out,23.9.2007,47603466,892780962
603,603,603,participating,23.10.2020,222067653,325985805
604,604,604,put,26.8.1997,176345512,927919422
605,605,605,massive,24.12.2002,169430885,383700623
606,606,606,quebec,14.9.2009,89886258,862292398
607,607,607,discovered,22.8.2006,167820336,555267496
608,608,608,clean,19.12.1990,122306583,491271060
609,609,609,canada,7.10.2018,57890815,810742786
610,610,610,healthy,22.3.2013,117784291,140540292
611,611,611,museums,14.1.2012,203376599,556899470
612,612,612,karen,5.1.2000,153665777,294883014
613,613,613,examine,8.7.2019,77355606,361050267
614,614,614,emotional,2.10.2019,150347189,892191555
615,615,615,add,1.1.2011,151969382,624617204
616,616,616,approaches,25.6.2013,16982663,559245438
617,617,617,wayne,28.8.2002,31486770,976960062
618,618,618,enterprise,13.2.2005,80953533,481307047
619,619,619,met,18.5.1994,104912483,979235721
620,620,620,infant,15.11.2002,93158378,234895985
621,621,621,verification,23.9.1992,87399511,242582615
622,622,622,coaching,7.12.2012,138555548,267806371
623,623,623,corporations,12.3.1997,77068275,519457707
624,624,624,memorial,27.10.1999,214516566,531889633
625,625,625,outer,28.1.1999,209192667,600488157
626,626,626,penalty,27.6.1991,177306637,884813110
627,627,627,excess,11.8.2011,52471158,78944157
628,628,628,collectibles,20.11.2010,76597699,26051795
629,629,629,initial,26.8.1992,104864411,402912338
630,630,630,editions,5.9.2015,111447377,867668592
631,631,631,agreements,26.4.2017,94291139,655771344
632,632,632,west,5.1.2010,167850581,89525376
633,633,633,disc,28.3.2017,11985663,262238838
634,634,634,later,2.5.2015,248370820,974294099
635,635,635,chief,16.7.2015,7230859,76554673
636,636,636,commissioner,19.9.1992,247345590,624172945
637,637,637,ages,14.4.2007,171136822,415790720
638,638,638,patent,28.6.1999,128467841,706573603
639,639,639,sponsors,9.4.2014,58794656,577660834
640,640,640,tits,20.7.1996,158630518,333698313
641,641,641,hiv,27.9.2006,138262463,97095841
642,642,642,modeling,28.6.2003,156953473,943437923
643,643,643,truth,27.1.1997,163933152,165526199
644,644,644,visible,27.4.1993,124941318,603728506
645,645,645,traveler,4.10.2003,170723152,937097517
646,646,646,personals,2.1.1994,192731278,283227237
647,647,647,members,23.2.2006,104138667,582875165
648,648,648,passed,3.6.2019,5027305,370328055
649,649,649,lies,4.3.2000,178297632,998709390
650,650,650,collected,9.12.2012,25410610,988351903
651,651,651,corner,19.2.2000,136691863,711145105
652,652,652,mayor,18.5.2020,181121864,809583592
653,653,653,quiz,3.3.2020,138543405,563431250
654,654,654,pair,24.3.1998,85310088,232429057
655,655,655,no,4.7.1999,88419031,248205217
656,656,656,li,27.3.1996,26932366,285566543
657,657,657,patrick,17.6.2012,48759388,469862312
658,658,658,dick,16.12.2016,30228050,164834978
659,659,659,dell,11.2.2017,13072240,37756430
660,660,660,iraq,25.8.2016,66460459,341207088
661,661,661,truth,11.10.2015,167181001,83347925
662,662,662,calls,22.11.2010,224388527,203850510
663,663,663,vehicles,22.5.2003,218881590,365169128
664,664,664,animals,28.12.2017,134295488,408464562
665,665,665,max,3.9.2011,76164785,843154477
666,666,666,hosted,1.6.1990,34804495,270556377
667,667,667,congress,2.5.1990,149018321,796879110
668,668,668,iraqi,17.10.1991,192967985,889958374
669,669,669,degree,11.4.2009,212159410,793074826
670,670,670,pro,21.11.2018,8976208,492581490
671,671,671,toyota,19.7.2005,93093070,570852735
672,672,672,contrast,8.7.1995,41627455,79775009
673,673,673,casino,27.2.2016,223989458,559007695
674,674,674,start,16.9.2019,119480727,669178937
675,675,675,comic,17.1.1991,206917032,828590132
676,676,676,fax,20.5.2011,227888677,764882092
677,677,677,accurate,12.10.2018,130702789,43725093
678,678,678,ban,3.4.2002,211865654,714784636
679,679,679,output,22.11.2015,133491170,579912166
680,680,680,started,1.5.2000,199506900,7396755
681,681,681,appliances,27.7.2014,37959663,273405794
682,682,682,sunset,23.3.2003,52107679,292380091
683,683,683,singapore,12.1.2019,140524820,482188869
684,684,684,start,24.11.2006,59181128,569816013
685,685,685,agency,23.3.1990,39960613,860445695
686,686,686,causing,22.5.2016,150198024,303298854
687,687,687,fell,4.5.2003,237145249,915126004
688,688,688,fraud,21.9.1992,180099247,439133112
689,689,689,reliable,10.1.2019,78803823,993606170
690,690,690,holding,25.7.2001,130385781,637324278
691,691,691,names,1.8.1997,74401275,182451575
692,692,692,donate,13.3.2013,140520896,268048961
693,693,693,printed,1.7.1991,200119888,458882589
694,694,694,chinese,4.4.2010,44206487,190149691
695,695,695,shoppers,28.12.1994,163004512,725407025
696,696,696,os,3.11.2005,77776477,901350965
697,697,697,makes,4.3.1996,194179019,811714060
698,698,698,short,15.4.2017,103077810,728993208
699,699,699,samples,12.7.2013,121420039,565773312
700,700,700,understood,22.11.1994,100863935,872646287
701,701,701,trademark,14.1.1997,138528420,711548941
702,702,702,sciences,23.5.1992,53967993,841226356
703,703,703,heads,4.1.2017,153684406,420428464
704,704,704,throw,15.4.1995,118109100,411534935
705,705,705,acceptable,1.11.2012,171402977,983060231
706,706,706,delivered,13.12.2003,28623413,827100212
707,707,707,cake,26.7.2013,57213274,872452018
708,708,708,acceptable,11.8.2012,192235378,854197923
709,709,709,outline,6.12.2005,69006286,124587586
710,710,710,their,21.9.1992,232541875,580398053
711,711,711,jane,18.3.1990,228386882,184604447
712,712,712,broken,21.8.1999,20415894,201059844
713,713,713,game,15.6.2006,62843118,444461858
714,714,714,disaster,15.3.1999,241447788,704624478
715,715,715,genetic,5.1.2003,161424175,78835401
716,716,716,pre,2.9.2020,121135408,387411655
717,717,717,sensitive,8.2.2020,69981767,684717473
718,718,718,looked,9.3.2017,63904462,423185466
719,719,719,protective,15.3.2007,225746259,571781230
720,720,720,introduced,19.8.2019,143231626,963007249
721,721,721,zealand,5.2.2002,79010368,25988958
722,722,722,successfully,16.1.1998,101021786,435394170
723,723,723,brands,18.7.2012,207971444,428793701
724,724,724,underlying,20.5.2005,139406174,4065572
725,725,725,rule,9.3.1994,151399837,350280553
726,726,726,see,12.5.2012,48606343,929484250
727,727,727,characteristics,10.10.2013,210902099,326850602
728,728,728,local,19.11.1994,144839617,147390153
729,729,729,spy,23.7.2009,214492921,115186334
730,730,730,bt,4.5.1999,243738274,413934900
731,731,731,dictionary,16.5.2016,2881504,220642109
732,732,732,studies,1.8.2018,175169121,875073183
733,733,733,charity,11.8.2009,7471732,246827414
734,734,734,instrument,19.5.2020,35691273,750187067
735,735,735,rss,11.12.1998,151926938,844339007
736,736,736,happy,26.4.1999,166469401,899499251
737,737,737,goods,28.9.2004,80831437,542327444
738,738,738,difficult,25.6.1994,126762820,519073428
739,739,739,lo,13.12.1995,118503206,833695922
740,740,740,achieved,16.3.2002,117081050,639827359
741,741,741,islands,17.4.1997,179350327,979097240
742,742,742,find,7.1.2005,215960804,90612575
743,743,743,regional,20.10.1991,231874600,972516738
744,744,744,neck,2.11.1991,43959585,909784263
745,745,745,robinson,5.12.2013,158785570,690689943
746,746,746,dependent,2.12.2016,177601087,765304584
747,747,747,careers,6.11.2007,245462237,570179853
748,748,748,personal,22.9.2000,29244811,274813350
749,749,749,portugal,1.12.1993,97567684,288281195
750,750,750,advertise,14.10.2017,97486668,245231772
751,751,751,schedules,3.8.1994,147429244,587218001
752,752,752,wrestling,10.7.1996,137924029,869264328
753,753,753,petition,6.1.2016,157591235,435960274
754,754,754,oriented,12.8.2017,188202851,869415142
755,755,755,cable,5.7.2004,19130974,851727947
756,756,756,nurse,5.7.1990,106670346,423940644
757,757,757,left,28.7.1998,90822203,236868415
758,758,758,factory,22.3.2020,85012627,62715845
759,759,759,babies,23.1.1990,64936769,962909353
760,760,760,albums,21.2.2019,181082626,665434107
761,761,761,exp,6.8.2011,42857788,209263431
762,762,762,reflect,26.11.1992,68649083,606321003
763,763,763,nr,26.3.2013,72403493,858390521
764,764,764,packard,2.2.2010,209168867,661991824
765,765,765,blackjack,4.1.2011,181410117,696551785
766,766,766,peter,22.10.2012,91686575,417826431
767,767,767,strange,27.1.2013,150266288,920617165
768,768,768,rental,13.11.2008,149379678,703194605
769,769,769,beta,5.2.1991,178785949,562123477
770,770,770,healthcare,25.9.2012,116255850,160252538
771,771,771,light,8.2.2000,97311106,489515799
772,772,772,seems,27.5.1995,31715412,138590744
773,773,773,dirty,18.9.2008,34995508,406509591
774,774,774,horny,12.7.2006,58142732,19233900
775,775,775,elementary,13.2.1991,63630079,326041013
776,776,776,fully,20.11.2012,35055233,138076137
777,777,777,technologies,15.2.2016,56606301,820571366
778,778,778,processing,7.2.2020,208118748,564609047
779,779,779,doctor,20.10.2009,204795456,784189391
780,780,780,substantial,7.11.2013,80990517,413505128
781,781,781,galleries,8.12.1997,163247841,892588253
782,782,782,ruby,27.1.2003,234567888,999918221
783,783,783,storage,17.8.2012,141320806,888658031
784,784,784,laws,26.1.2015,173887365,753005810
785,785,785,pound,15.11.1994,8938660,305352126
786,786,786,di,10.9.2004,196185678,350515412
787,787,787,low,7.11.2020,222899082,921082210
788,788,788,tried,13.1.1994,17505203,361000236
789,789,789,inc,19.7.2003,6519743,454703933
790,790,790,resulted,19.4.2006,233964791,766671445
791,791,791,form,19.7.2006,91811106,856923606
792,792,792,smith,9.6.1994,247048778,283061538
793,793,793,values,15.10.2019,187457981,995971700
794,794,794,investigation,4.5.2002,11947890,967209368
795,795,795,matters,21.1.1990,5878936,285548359
796,796,796,preference,3.2.2018,120218620,463461538
797,797,797,cat,3.5.2007,210214346,250443579
798,798,798,fees,8.10.1994,139507072,92897828
799,799,799,messages,4.2.1999,109383201,679393505
800,800,800,weddings,14.4.2014,174851791,199369877
801,801,801,compatible,20.3.2001,126169298,842016584
802,802,802,applicable,15.7.2003,74036883,343528134
803,803,803,los,11.5.2016,139708571,769466211
804,804,804,instruments,12.1.1999,113363500,427620120
805,805,805,places,16.9.1990,95990643,909226517
806,806,806,somewhere,24.6.2004,36207645,566553722
807,807,807,hood,10.9.2011,114854110,581759682
808,808,808,provided,7.7.2001,156163299,817888210
809,809,809,self,10.10.1996,164358032,790764955
810,810,810,boss,20.10.1999,46490429,307155506
811,811,811,dragon,8.3.2006,204172099,830289105
812,812,812,structures,18.2.2020,60693823,574246749
813,813,813,take,25.6.2017,106815591,488583535
814,814,814,northern,10.7.1991,157062515,268155520
815,815,815,bands,2.5.1990,228324676,203181805
816,816,816,plan,5.4.2001,72218275,11405258
817,817,817,hamilton,14.4.1993,164478011,665214425
818,818,818,sort,18.9.2006,93308440,272523656
819,819,819,journal,22.10.2015,54953588,761616757
820,820,820,simon,19.1.2008,157629500,968539008
821,821,821,relief,12.8.2007,180267896,153131582
822,822,822,elections,3.7.2010,17911615,823095522
823,823,823,regulatory,18.8.2016,168610990,451691797
824,824,824,mar,25.9.2006,200362611,828711652
825,825,825,champion,17.12.1992,89241823,210689535
826,826,826,wildlife,10.2.2006,20126207,816545455
827,827,827,fr,7.5.2017,230009587,36364653
828,828,828,generated,1.11.2012,142349225,306384718
829,829,829,ncaa,12.8.1995,188295889,886980518
830,830,830,republic,11.9.2011,183223475,194997063
831,831,831,availability,15.12.2018,119070602,429471752
832,832,832,determine,18.9.2004,242520409,542989934
833,833,833,craft,28.4.2013,244833502,968964862
834,834,834,weekly,16.12.2017,15847645,817385282
835,835,835,am,3.10.2013,129834162,683353782
836,836,836,identifying,4.6.1992,10975077,218293168
837,837,837,entering,25.6.2002,139115902,622504089
838,838,838,revenue,28.1.2003,25086697,26259932
839,839,839,wing,2.2.1990,104797408,306947921
840,840,840,personality,5.11.2017,201366162,360151911
841,841,841,meal,14.7.1992,205709788,137197791
842,842,842,minutes,17.3.2018,127715309,416940935
843,843,843,advertisement,6.3.1996,89736679,527752446
844,844,844,grants,19.8.2006,66291752,793374776
845,845,845,google,27.7.1999,119613650,21182577
846,846,846,forum,3.9.1996,237485073,136008431
847,847,847,converter,19.3.2005,74218884,6677572
848,848,848,possibly,10.10.2019,60941525,654664460
849,849,849,eur,25.6.1993,80701845,561521698
850,850,850,examined,21.3.2000,188627724,973917436
851,851,851,goes,5.4.2003,194169030,947911453
852,852,852,contents,13.5.2011,203979920,159495566
853,853,853,lights,8.10.2017,64294873,83297944
854,854,854,threads,20.2.1990,131797005,725819815
855,855,855,bikes,19.5.2017,39215951,544522615
856,856,856,licensing,6.5.2019,99927384,6330975
857,857,857,int,6.3.2012,123264103,326732052
858,858,858,cards,23.5.2020,195630779,3656574
859,859,859,many,8.2.2017,114720810,737034702
860,860,860,railway,13.3.2007,162298927,240581950
861,861,861,mom,10.1.2014,210625401,683087593
862,862,862,et,17.3.2020,203246008,308901555
863,863,863,showtimes,26.12.1993,26681632,927155076
864,864,864,afghanistan,24.3.1993,55558978,394385175
865,865,865,edition,13.1.2011,51024054,773599530
866,866,866,swimming,2.11.1998,223938789,389786915
867,867,867,seek,8.2.2008,30862042,583760848
868,868,868,formats,16.12.2020,91971795,702754448
869,869,869,video,12.12.1995,230206306,730525806
870,870,870,replacement,24.8.2006,172135426,719820545
871,871,871,category,25.6.2001,249567547,685288973
872,872,872,appliances,19.4.2015,25332866,820922345
873,873,873,hit,1.6.1994,49580647,138480608
874,874,874,catering,18.5.2007,78091216,990103317
875,875,875,tour,18.6.2019,45023127,759208800
876,876,876,setup,3.6.1990,79377545,462605708
877,877,877,honest,16.12.2000,86066857,151966725
878,878,878,education,5.3.2020,237118067,869368872
879,879,879,curriculum,17.7.2018,130084610,776162547
880,880,880,killing,22.8.1993,76791247,683631905
881,881,881,shared,21.10.2008,143328328,581812010
882,882,882,posting,15.9.1993,166235415,478664438
883,883,883,francisco,12.6.2016,53873483,515774797
884,884,884,generator,14.10.1994,104945011,423962321
885,885,885,millions,8.11.2003,58290429,718137611
886,886,886,buyer,10.8.1993,71274093,889969411
887,887,887,feedback,18.8.2001,130212108,753845040
888,888,888,masters,25.8.1995,7120584,32015174
889,889,889,resident,27.10.2017,148657672,216743897
890,890,890,dial,11.7.2004,100421387,531523221
891,891,891,at,15.7.2008,221946138,18718298
892,892,892,lite,7.12.2001,77315958,319847762
893,893,893,decided,12.5.1991,548895,604282468
894,894,894,ratio,26.2.1992,215040889,221865437
895,895,895,visa,10.11.2010,69026483,654628381
896,896,896,personals,2.9.2018,249811655,108507875
897,897,897,giving,2.2.2014,193471896,436230155
898,898,898,tree,14.12.2011,96044199,221161686
899,899,899,created,3.8.2001,92829341,651047961
900,900,900,richmond,17.7.2020,107483311,837982626
901,901,901,honda,1.8.2003,211424570,95007575
902,902,902,gamecube,28.12.2006,65644,658565035
903,903,903,closed,26.8.2017,78806953,673059475
904,904,904,environmental,7.9.2002,239698613,693209251
905,905,905,keyboard,11.3.2009,221602897,457293291
906,906,906,studios,10.1.1999,62961835,178971159
907,907,907,bureau,15.7.2005,113051102,953584611
908,908,908,co,9.9.1994,46889003,778840745
909,909,909,cards,19.10.1991,70973467,73500077
910,910,910,exciting,11.10.2018,157851224,298527387
911,911,911,moves,3.11.2010,104274643,327221268
912,912,912,poetry,3.10.2014,187656591,701752882
913,913,913,imagine,24.6.2019,26067681,208881839
914,914,914,factor,17.8.1996,67872121,936538284
915,915,915,reed,27.2.1991,159243289,786055814
916,916,916,dose,16.3.2019,20328620,839566865
917,917,917,hr,19.12.1999,166348747,595509852
918,918,918,handbook,9.1.1997,186313640,955709164
919,919,919,revolution,19.1.2000,100207145,790770276
920,920,920,treated,21.4.2001,164602,125183812
921,921,921,steel,1.10.2003,98805202,582770623
922,922,922,spears,11.10.2011,242380997,777693587
923,923,923,robin,10.7.2007,210804414,868699284
924,924,924,obtain,5.8.2005,145618906,911985434
925,925,925,broadcasting,8.12.2009,163468642,217719977
926,926,926,assistant,14.12.2011,228260526,541517348
927,927,927,rescue,25.5.2013,3983607,803741838
928,928,928,obtain,20.7.2002,47086895,338086164
929,929,929,his,16.7.2014,67290547,932347029
930,930,930,existing,14.6.2005,38909328,209777737
931,931,931,birthday,14.10.2006,197323772,618580028
932,932,932,become,13.8.1999,178993,649643298
933,933,933,running,19.10.1994,32206340,672357847
934,934,934,researchers,12.4.1990,144810638,68396960
935,935,935,measurements,20.9.2017,30584832,172771291
936,936,936,memorial,8.11.2013,226282391,223633352
937,937,937,penalty,21.12.1995,111364735,476024086
938,938,938,unless,15.1.2019,7609332,180598221
939,939,939,understanding,26.11.1994,74515209,669028291
940,940,940,studies,14.8.2007,49448901,418466081
941,941,941,toyota,21.7.2011,16912477,389416212
942,942,942,frame,7.1.1991,92367036,31955802
943,943,943,veterans,20.6.2020,174502922,142855631
944,944,944,priorities,18.1.2015,152177799,955773037
945,945,945,combined,6.6.2010,207413588,733573825
946,946,946,prospective,23.3.2015,230592563,486590319
947,947,947,retired,17.8.2005,170449538,78153147
948,948,948,oldest,22.2.2016,178906924,667763167
949,949,949,programme,11.12.1999,135119018,464599023
950,950,950,reason,24.4.1990,68036124,73031978
951,951,951,plc,1.11.2020,7194108,440995815
952,952,952,blow,14.12.1998,4775717,276628244
953,953,953,beginning,17.10.1996,231906219,868191835
954,954,954,fine,6.1.1997,143685697,847011746
955,955,955,throughout,12.5.2001,73054899,191482620
956,956,956,qualified,21.4.1990,101935724,417485092
957,957,957,linux,6.9.2013,196246673,575569980
958,958,958,dining,19.6.2001,10722013,606701091
959,959,959,barcelona,1.5.2010,5494807,416237066
960,960,960,prize,16.11.1999,38401150,313868576
961,961,961,measures,10.6.1993,115712475,820601936
962,962,962,encyclopedia,10.7.2013,35791388,44379647
963,963,963,mortgage,27.5.2006,116681770,640787830
964,964,964,traffic,11.7.2012,75954173,104805515
965,965,965,failed,22.3.1997,58302913,703165129
966,966,966,ho,17.11.2009,237663821,427873547
967,967,967,ringtone,17.11.2004,94350820,485399726
968,968,968,mid,3.2.2016,106626885,595586119
969,969,969,chairman,25.4.2017,57672380,916645530
970,970,970,paid,5.6.2005,187154509,774250210
971,971,971,adoption,25.8.2009,130637940,383976097
972,972,972,appeal,14.7.2005,110736614,54850701
973,973,973,tim,7.10.2003,193227562,598974746
974,974,974,gathering,15.3.1998,200870314,365457465
975,975,975,dry,16.5.2013,151868744,984028350
976,976,976,fits,6.2.2002,210486103,685117895
977,977,977,suck,14.3.1992,32854174,517408992
978,978,978,glad,16.1.1998,37656540,714070507
979,979,979,assets,17.3.1993,10269630,458602893
980,980,980,linked,23.10.2017,106878986,47045647
981,981,981,electrical,24.6.2001,230171551,339732040
982,982,982,ideal,16.9.2002,9281398,823611161
983,983,983,wishlist,10.8.2008,49755312,705877441
984,984,984,highly,26.12.1994,78902412,319654847
985,985,985,assembly,14.6.2011,138504637,392495433
986,986,986,premier,2.7.2008,146237938,25592039
987,987,987,employers,27.8.2015,188225428,491775806
988,988,988,enables,10.6.1999,180402169,393181274
989,989,989,cost,24.4.2002,213405791,81063194
990,990,990,wishlist,23.6.2001,168268118,155499255
991,991,991,institute,24.4.2007,168814035,555800461
992,992,992,agriculture,25.6.1990,89126076,537186495
993,993,993,ago,16.9.2003,97450837,768523197
994,994,994,theme,7.1.1990,184692266,398151268
995,995,995,rw,17.9.2008,194438103,739746741
996,996,996,glasgow,16.10.2017,120011271,984153586
997,997,997,struggle,20.12.2002,188027528,681963453
998,998,998,kate,25.4.2000,38840630,576067661
999,999,999,less,24.12.1996,128340816,281710739
1000,1000,1000,php,11.2.2012,175052782,918004100
